id,gene_names,prediction,confidence,method,evidence,top_sequence_neighbors
Q02M20,PA14_35840,Non-virulence,1.0,knn,no homologs found: physicochemical/structure-quality features only (low evidence),
Q02MN4,PA14_33160,Virulence,0.716296479747351,knn,no homologs found: physicochemical/structure-quality features only (low evidence),
Q02UQ8,PA14_02130,Non-virulence,0.8792181616315703,knn,no homologs found: physicochemical/structure-quality features only (low evidence),
A0A0H2Z6M6,PA14_55100,Non-virulence,0.7117960776947367,knn,no homologs found: physicochemical/structure-quality features only (low evidence),
A0A0H2Z6V1,PA14_49960,Non-virulence,0.7249772035401343,knn,no homologs found: physicochemical/structure-quality features only (low evidence),
A0A0H2Z6X6,PA14_53680,Non-virulence,0.7386891189928249,knn,no homologs found: physicochemical/structure-quality features only (low evidence),
A0A0H2Z750,PA14_53590,Virulence,0.6033428373521051,knn,no homologs found: physicochemical/structure-quality features only (low evidence),
A0A0H2Z7F0,PA14_53610,Virulence,0.7158634081540204,knn,no homologs found: physicochemical/structure-quality features only (low evidence),
A0A0H2Z7I9,PA14_51570,Non-virulence,1.0,knn,no homologs found: physicochemical/structure-quality features only (low evidence),
A0A0H2Z7N7,PA14_52330,Non-virulence,1.0,knn,no homologs found: physicochemical/structure-quality features only (low evidence),
A0A0H2Z7S9,PA14_49310,Virulence,0.7486419977888947,logreg-fallback,no homologs found: physicochemical/structure-quality features only (low evidence),
A0A0H2Z881,PA14_49860,Non-virulence,0.6290959852775625,knn,no homologs found: physicochemical/structure-quality features only (low evidence),
A0A0H2Z8F6,pcr3 PA14_42520,Non-virulence,0.846257086041691,knn,no homologs found: physicochemical/structure-quality features only (low evidence),
A0A0H2Z8K7,PA14_46840,Virulence,0.6619855818581782,logreg-fallback,no homologs found: physicochemical/structure-quality features only (low evidence),
A0A0H2Z8N5,PA14_46510,Virulence,0.5602467697138835,logreg-fallback,no homologs found: physicochemical/structure-quality features only (low evidence),
A0A0H2Z8V9,PA14_45450,Non-virulence,0.6553190510106641,logreg-fallback,no homologs found: physicochemical/structure-quality features only (low evidence),
A0A0H2Z8Y6,PA14_46160,Virulence,0.5591072796915668,logreg-fallback,no homologs found: physicochemical/structure-quality features only (low evidence),
A0A0H2Z9M3,PA14_36400,Non-virulence,0.8750503046613091,knn,no homologs found: physicochemical/structure-quality features only (low evidence),
A0A0H2Z9N9,PA14_41300,Non-virulence,0.6467588837528127,logreg-fallback,no homologs found: physicochemical/structure-quality features only (low evidence),
A0A0H2Z9T5,PA14_40660,Non-virulence,0.7222363246638738,knn,no homologs found: physicochemical/structure-quality features only (low evidence),
A0A0H2Z9Y1,PA14_39420,Virulence,0.7195012349423114,knn,no homologs found: physicochemical/structure-quality features only (low evidence),
A0A0H2ZA10,PA14_39080,Non-virulence,1.0,knn,no homologs found: physicochemical/structure-quality features only (low evidence),
A0A0H2ZAL7,PA14_36770,Non-virulence,0.8695977459935318,knn,no homologs found: physicochemical/structure-quality features only (low evidence),
A0A0H2ZAV9,PA14_36480,Non-virulence,1.0,knn,no homologs found: physicochemical/structure-quality features only (low evidence),
A0A0H2ZAZ4,PA14_29750,Virulence,0.587933042263183,logreg-fallback,no homologs found: physicochemical/structure-quality features only (low evidence),
A0A0H2ZB05,PA14_35700,Non-virulence,0.8562355399621286,knn,no homologs found: physicochemical/structure-quality features only (low evidence),
A0A0H2ZB47,PA14_35160,Virulence,0.5739847843376881,logreg-fallback,no homologs found: physicochemical/structure-quality features only (low evidence),
A0A0H2ZB58,PA14_35040,Non-virulence,1.0,knn,no homologs found: physicochemical/structure-quality features only (low evidence),
A0A0H2ZBI9,PA14_33120,Virulence,0.853262255807692,knn,no homologs found: physicochemical/structure-quality features only (low evidence),
A0A0H2ZBL2,PA14_31930,Non-virulence,0.7169138189891261,knn,no homologs found: physicochemical/structure-quality features only (low evidence),
A0A0H2ZCD6,PA14_22720,Non-virulence,0.8670557701398794,knn,no homologs found: physicochemical/structure-quality features only (low evidence),
A0A0H2ZCF7,PA14_28990,Non-virulence,1.0,knn,no homologs found: physicochemical/structure-quality features only (low evidence),
A0A0H2ZCM0,PA14_28390,Virulence,0.5529755057586738,logreg-fallback,no homologs found: physicochemical/structure-quality features only (low evidence),
A0A0H2ZCP9,PA14_27830,Virulence,0.7296075472761304,knn,no homologs found: physicochemical/structure-quality features only (low evidence),
A0A0H2ZCW5,PA14_27120,Non-virulence,0.6084881248664805,knn,no homologs found: physicochemical/structure-quality features only (low evidence),
A0A0H2ZD84,PA14_18860,Non-virulence,0.8618728505077248,knn,2 sequence / 0 structure neighbors,"A6TBT7 (Non-virulence, 34% id); B5XNZ3 (Non-virulence, 33% id)"
A0A0H2ZD92,PA14_24620,Virulence,0.5915742588671621,logreg-fallback,no homologs found: physicochemical/structure-quality features only (low evidence),
A0A0H2ZDI7,PA14_22260,Non-virulence,0.5237540967715341,logreg-fallback,no homologs found: physicochemical/structure-quality features only (low evidence),
A0A0H2ZDV3,PA14_21650,Non-virulence,0.8604175751789329,knn,no homologs found: physicochemical/structure-quality features only (low evidence),
A0A0H2ZDV6,PA14_22310,Non-virulence,0.5036566710359727,logreg-fallback,no homologs found: physicochemical/structure-quality features only (low evidence),
A0A0H2ZDW6,PA14_22190,Non-virulence,0.7192125637239314,knn,no homologs found: physicochemical/structure-quality features only (low evidence),
A0A0H2ZE39,PA14_20530,Virulence,0.7203651323723702,knn,no homologs found: physicochemical/structure-quality features only (low evidence),
A0A0H2ZE40,PA14_14560,Virulence,0.9184375923411552,logreg-fallback,no homologs found: physicochemical/structure-quality features only (low evidence),
A0A0H2ZEA8,PA14_19970,Virulence,0.5997980957777216,logreg-fallback,no homologs found: physicochemical/structure-quality features only (low evidence),
A0A0H2ZEF1,PA14_19020,Non-virulence,1.0,reference-match,1 sequence / 0 structure neighbors,"Q9HYC5 (Non-virulence, 100% id)"
A0A0H2ZEY9,PA14_16270,Non-virulence,0.7609837760868676,knn,no homologs found: physicochemical/structure-quality features only (low evidence),
A0A0H2ZFH2,PA14_13370,Non-virulence,0.8574885592745151,knn,no homologs found: physicochemical/structure-quality features only (low evidence),
A0A0H2ZFQ3,PA14_12170,Non-virulence,0.8685982105048471,knn,no homologs found: physicochemical/structure-quality features only (low evidence),
A0A0H2ZG09,PA14_59170,Non-virulence,0.6855251907386035,logreg-fallback,no homologs found: physicochemical/structure-quality features only (low evidence),
A0A0H2ZGT9,PA14_59000,Non-virulence,0.7352972440046845,knn,no homologs found: physicochemical/structure-quality features only (low evidence),
A0A0H2ZGY0,PA14_63420,Virulence,0.5214050534941174,logreg-fallback,no homologs found: physicochemical/structure-quality features only (low evidence),
A0A0H2ZGZ4,PA14_59640,Non-virulence,0.7288552100061767,knn,no homologs found: physicochemical/structure-quality features only (low evidence),
A0A0H2ZH06,PA14_58930,Virulence,0.5743881382074272,logreg-fallback,no homologs found: physicochemical/structure-quality features only (low evidence),
A0A0H2ZH53,PA14_64560,Virulence,0.5383258548436987,logreg-fallback,no homologs found: physicochemical/structure-quality features only (low evidence),
A0A0H2ZH54,PA14_59510,Virulence,0.6842538719920284,logreg-fallback,no homologs found: physicochemical/structure-quality features only (low evidence),
A0A0H2ZH95,PA14_59950,Non-virulence,0.7260180066577477,knn,no homologs found: physicochemical/structure-quality features only (low evidence),
A0A0H2ZHB2,PA14_59190,Non-virulence,1.0,knn,no homologs found: physicochemical/structure-quality features only (low evidence),
A0A0H2ZHS3,PA14_63430,Non-virulence,0.6819332723358764,knn,no homologs found: physicochemical/structure-quality features only (low evidence),
A0A0H2ZI16,PA14_63770,Virulence,0.6270821637380196,logreg-fallback,no homologs found: physicochemical/structure-quality features only (low evidence),
A0A0H2ZI64,PA14_64430,Non-virulence,0.8672157923167574,knn,no homologs found: physicochemical/structure-quality features only (low evidence),
A0A0H2ZIK4,PA14_67700,Non-virulence,0.856265938546631,knn,no homologs found: physicochemical/structure-quality features only (low evidence),
A0A0H2ZIN1,PA14_66540,Virulence,0.7237324780484581,knn,no homologs found: physicochemical/structure-quality features only (low evidence),
A0A0H2ZIT7,PA14_68940,Non-virulence,0.8654409088838949,knn,no homologs found: physicochemical/structure-quality features only (low evidence),
A0A0H2ZJ46,PA14_01270,Non-virulence,0.8490599972607988,knn,no homologs found: physicochemical/structure-quality features only (low evidence),
A0A0H2ZJA4,PA14_71370,Non-virulence,0.8496257548836627,knn,no homologs found: physicochemical/structure-quality features only (low evidence),
A0A0H2ZK33,PA14_01220,Non-virulence,1.0,knn,no homologs found: physicochemical/structure-quality features only (low evidence),
A0A0H2ZL36,PA14_05440,Non-virulence,0.7448764545253187,knn,no homologs found: physicochemical/structure-quality features only (low evidence),
A0A0H2ZLB0,PA14_07630,Virulence,0.5136412515383165,logreg-fallback,no homologs found: physicochemical/structure-quality features only (low evidence),
A0A0H2Z609,PA14_53600,Non-virulence,0.6072232453728015,knn,no homologs found: physicochemical/structure-quality features only (low evidence),
A0A0H2Z6U3,PA14_54240,Virulence,0.7331505138185215,knn,no homologs found: physicochemical/structure-quality features only (low evidence),
A0A0H2Z716,PA14_54050,Non-virulence,0.7307577890746968,knn,2 sequence / 0 structure neighbors,"A5F1U0 (Non-virulence, 28% id); Q2KXN6 (Non-virulence, 35% id)"
A0A0H2Z752,PA14_48230,Virulence,0.8684729662176798,knn,no homologs found: physicochemical/structure-quality features only (low evidence),
A0A0H2Z7F4,PA14_51950,Virulence,0.6594853028386158,logreg-fallback,no homologs found: physicochemical/structure-quality features only (low evidence),
A0A0H2Z7I0,PA14_51580,Virulence,0.7478398539211119,logreg-fallback,no homologs found: physicochemical/structure-quality features only (low evidence),
A0A0H2Z7S1,PA14_51600,Virulence,0.8502820451158811,knn,no homologs found: physicochemical/structure-quality features only (low evidence),
A0A0H2Z7U3,PA14_50300,Non-virulence,0.8968168060372256,knn,1 sequence / 0 structure neighbors,"P9WMY3 (Non-virulence, 48% id)"
A0A0H2Z869,PA14_49000,Non-virulence,0.7202189736314817,knn,no homologs found: physicochemical/structure-quality features only (low evidence),
A0A0H2Z871,PA14_48950,Non-virulence,0.8273772535928715,knn,no homologs found: physicochemical/structure-quality features only (low evidence),
A0A0H2Z875,PA14_48900,Non-virulence,0.7880198775911147,logreg-fallback,no homologs found: physicochemical/structure-quality features only (low evidence),
A0A0H2Z8I1,PA14_48400,Virulence,0.8239562954889331,logreg-fallback,no homologs found: physicochemical/structure-quality features only (low evidence),
A0A0H2Z8P0,PA14_46430,Non-virulence,0.6971262768133276,knn,no homologs found: physicochemical/structure-quality features only (low evidence),
A0A0H2Z8W3,PA14_46460,Non-virulence,0.8643829792342194,knn,no homologs found: physicochemical/structure-quality features only (low evidence),
A0A0H2Z902,PA14_39470,Non-virulence,0.739152085948417,knn,no homologs found: physicochemical/structure-quality features only (low evidence),
A0A0H2Z9W2,PA14_41290,Virulence,0.726569928055892,logreg-fallback,no homologs found: physicochemical/structure-quality features only (low evidence),
A0A0H2ZA51,PA14_33960,Non-virulence,0.6248594114793736,logreg-fallback,5 sequence / 0 structure neighbors,"Q9I0F3 (Non-virulence, 40% id); Q9KS45 (Virulence, 38% id); A0A0H3AIG7 (Virulence, 38% id)"
A0A0H2ZA55,PA14_40340,Non-virulence,0.6313948163305172,knn,no homologs found: physicochemical/structure-quality features only (low evidence),
A0A0H2ZAL3,PA14_36830,Non-virulence,0.7339130082874161,knn,no homologs found: physicochemical/structure-quality features only (low evidence),
A0A0H2ZAR2,PA14_36860,Virulence,0.8669520234377788,knn,no homologs found: physicochemical/structure-quality features only (low evidence),
A0A0H2ZB74,PA14_28790,Non-virulence,0.5660282565340153,logreg-fallback,no homologs found: physicochemical/structure-quality features only (low evidence),
A0A0H2ZB84,PA14_28610,Virulence,0.6670208935638468,logreg-fallback,no homologs found: physicochemical/structure-quality features only (low evidence),
A0A0H2ZB92,PA14_34610,Non-virulence,0.8628765797324438,knn,no homologs found: physicochemical/structure-quality features only (low evidence),
A0A0H2ZBJ0,PA14_33360,Non-virulence,0.8444789159551132,knn,no homologs found: physicochemical/structure-quality features only (low evidence),
A0A0H2ZBP8,PA14_32480,Non-virulence,1.0,knn,no homologs found: physicochemical/structure-quality features only (low evidence),
A0A0H2ZBP9,PA14_31450,Non-virulence,0.6428846795818499,logreg-fallback,no homologs found: physicochemical/structure-quality features only (low evidence),
A0A0H2ZBR9,PA14_31220,Virulence,0.7135875486494022,knn,no homologs found: physicochemical/structure-quality features only (low evidence),
A0A0H2ZCB7,PA14_28260,Non-virulence,0.6976612846284032,knn,no homologs found: physicochemical/structure-quality features only (low evidence),
A0A0H2ZCC3,PA14_29560,Non-virulence,0.6788457300803317,knn,no homologs found: physicochemical/structure-quality features only (low evidence),
A0A0H2ZCG2,PA14_28940,Non-virulence,0.8541779225366664,knn,no homologs found: physicochemical/structure-quality features only (low evidence),
A0A0H2ZCJ3,PA14_28520,Virulence,0.6793432138308736,knn,no homologs found: physicochemical/structure-quality features only (low evidence),
A0A0H2ZCJ9,PA14_28620,Non-virulence,0.8955057062905231,knn,no homologs found: physicochemical/structure-quality features only (low evidence),
A0A0H2ZCM4,PA14_28120,Non-virulence,0.8816801107679764,knn,no homologs found: physicochemical/structure-quality features only (low evidence),
A0A0H2ZCS7,PA14_27680,Virulence,0.8756195426390749,knn,no homologs found: physicochemical/structure-quality features only (low evidence),
A0A0H2ZCT3,PA14_27590,Non-virulence,0.5736078070089858,logreg-fallback,no homologs found: physicochemical/structure-quality features only (low evidence),
A0A0H2ZCW0,PA14_27170,Non-virulence,0.7101750572591402,knn,no homologs found: physicochemical/structure-quality features only (low evidence),
A0A0H2ZDC1,PA14_24740,Non-virulence,0.72599095992999,knn,no homologs found: physicochemical/structure-quality features only (low evidence),
A0A0H2ZDJ1,PA14_22210,Non-virulence,0.8704040457178397,knn,no homologs found: physicochemical/structure-quality features only (low evidence),
A0A0H2ZDT6,PA14_22230,Virulence,0.8670549051794886,logreg-fallback,no homologs found: physicochemical/structure-quality features only (low evidence),
A0A0H2ZE83,PA14_13950,Non-virulence,0.8622193933109314,knn,no homologs found: physicochemical/structure-quality features only (low evidence),
A0A0H2ZEV5,PA14_16990,Virulence,0.5800617769209573,logreg-fallback,no homologs found: physicochemical/structure-quality features only (low evidence),
A0A0H2ZEX1,PA14_16720,Non-virulence,0.7235928288407035,knn,no homologs found: physicochemical/structure-quality features only (low evidence),
A0A0H2ZF48,PA14_15360,Non-virulence,1.0,knn,no homologs found: physicochemical/structure-quality features only (low evidence),
A0A0H2ZFC7,PA14_12860,Non-virulence,0.8254045565632295,knn,no homologs found: physicochemical/structure-quality features only (low evidence),
A0A0H2ZFC8,PA14_13970,Virulence,0.5340051025840957,logreg-fallback,no homologs found: physicochemical/structure-quality features only (low evidence),
A0A0H2ZFM7,PA14_12640,Non-virulence,0.8639967384665679,knn,no homologs found: physicochemical/structure-quality features only (low evidence),
A0A0H2ZFP7,PA14_12260,Non-virulence,0.704413299187359,knn,no homologs found: physicochemical/structure-quality features only (low evidence),
A0A0H2ZFQ8,PA14_12910,Non-virulence,0.8738352748608513,knn,no homologs found: physicochemical/structure-quality features only (low evidence),
A0A0H2ZFT1,PA14_11670,Non-virulence,0.8619492129303323,knn,no homologs found: physicochemical/structure-quality features only (low evidence),
A0A0H2ZG03,PA14_59120,Non-virulence,0.6326453187608321,logreg-fallback,no homologs found: physicochemical/structure-quality features only (low evidence),
A0A0H2ZH10,PA14_59020,Virulence,0.5531579186470088,logreg-fallback,no homologs found: physicochemical/structure-quality features only (low evidence),
A0A0H2ZH22,PA14_59110,Non-virulence,0.6958462785120918,knn,no homologs found: physicochemical/structure-quality features only (low evidence),
A0A0H2ZH26,PA14_59970,Non-virulence,0.8653465174981785,knn,no homologs found: physicochemical/structure-quality features only (low evidence),
A0A0H2ZH45,PA14_59390,Non-virulence,0.8693231855836159,knn,no homologs found: physicochemical/structure-quality features only (low evidence),
A0A0H2ZH64,PA14_59610,Non-virulence,0.7399051608270271,knn,no homologs found: physicochemical/structure-quality features only (low evidence),
A0A0H2ZHC9,PA14_59380,Non-virulence,0.8561841670766134,knn,no homologs found: physicochemical/structure-quality features only (low evidence),
A0A0H2ZHD9,PA14_59500,Non-virulence,0.7040167231147598,knn,no homologs found: physicochemical/structure-quality features only (low evidence),
A0A0H2ZHE2,PA14_66140,Non-virulence,0.6693229690192919,knn,no homologs found: physicochemical/structure-quality features only (low evidence),
A0A0H2ZHW9,PA14_64260,Virulence,0.7437639671996762,logreg-fallback,no homologs found: physicochemical/structure-quality features only (low evidence),
A0A0H2ZHY6,PA14_63780,Non-virulence,0.8645065009028877,knn,no homologs found: physicochemical/structure-quality features only (low evidence),
A0A0H2ZI44,PA14_63220,Non-virulence,0.8698295268785283,knn,no homologs found: physicochemical/structure-quality features only (low evidence),
A0A0H2ZIH2,PA14_67020,Non-virulence,0.7014990955509128,knn,no homologs found: physicochemical/structure-quality features only (low evidence),
A0A0H2ZIT0,PA14_72830,Non-virulence,0.6209086535111661,logreg-fallback,no homologs found: physicochemical/structure-quality features only (low evidence),
A0A0H2ZJ82,PA14_71080,Non-virulence,0.8515436003715836,knn,no homologs found: physicochemical/structure-quality features only (low evidence),
A0A0H2ZJ86,PA14_71400,Non-virulence,0.7105787846343089,knn,no homologs found: physicochemical/structure-quality features only (low evidence),
A0A0H2ZJ96,PA14_69580,Virulence,0.631434824676693,logreg-fallback,no homologs found: physicochemical/structure-quality features only (low evidence),
A0A0H2ZJB3,PA14_69620,Non-virulence,0.6734726085669278,knn,no homologs found: physicochemical/structure-quality features only (low evidence),
A0A0H2ZK21,PA14_01110,Non-virulence,0.7473082296043342,knn,5 sequence / 0 structure neighbors,"Q9I0F3 (Non-virulence, 88% id); Q9KN42 (Non-virulence, 36% id); A0A0H3AIG7 (Virulence, 34% id)"
A0A0H2ZKN5,PA14_08320,Non-virulence,0.8436352342573452,knn,no homologs found: physicochemical/structure-quality features only (low evidence),
A0A0H2ZKS4,PA14_18985,Non-virulence,0.8770035290690897,knn,5 sequence / 0 structure neighbors,"Q9KN42 (Non-virulence, 40% id); A0A0H3AIG7 (Virulence, 39% id); Q9KS45 (Virulence, 38% id)"
A0A0H2ZKW0,PA14_03350,Non-virulence,0.7277689609936944,knn,no homologs found: physicochemical/structure-quality features only (low evidence),
A0A0H2ZL59,PA14_04850,Non-virulence,0.8597308624948304,knn,no homologs found: physicochemical/structure-quality features only (low evidence),
A0A0H2ZLP1,PA14_07200,Virulence,0.7368557586728326,knn,no homologs found: physicochemical/structure-quality features only (low evidence),
A0A0H2ZLR4,PA14_08330,Non-virulence,0.8790891350639888,knn,no homologs found: physicochemical/structure-quality features only (low evidence),
A0A0H2Z6P9,PA14_50640,Non-virulence,0.7393459999365664,knn,no homologs found: physicochemical/structure-quality features only (low evidence),
A0A0H2Z731,PA14_52440,Non-virulence,0.8335371478452493,knn,no homologs found: physicochemical/structure-quality features only (low evidence),
A0A0H2Z740,PA14_48510,Non-virulence,0.7251778222601305,knn,no homologs found: physicochemical/structure-quality features only (low evidence),
A0A0H2Z7F5,PA14_53560,Non-virulence,0.6762699941260326,knn,no homologs found: physicochemical/structure-quality features only (low evidence),
A0A0H2Z7M5,PA14_49920,Non-virulence,1.0,knn,no homologs found: physicochemical/structure-quality features only (low evidence),
A0A0H2Z7P5,PA14_52120,Non-virulence,0.7282367239481704,logreg-fallback,no homologs found: physicochemical/structure-quality features only (low evidence),
A0A0H2Z7Q2,PA14_50910,Non-virulence,0.5469128044019358,logreg-fallback,no homologs found: physicochemical/structure-quality features only (low evidence),
A0A0H2Z821,PA14_48960,Non-virulence,0.7485855624786768,knn,no homologs found: physicochemical/structure-quality features only (low evidence),
A0A0H2Z8F0,aprX PA14_48140,Non-virulence,0.6440745554905893,logreg-fallback,no homologs found: physicochemical/structure-quality features only (low evidence),
A0A0H2Z8H1,PA14_47350,Non-virulence,0.7229324590359374,knn,no homologs found: physicochemical/structure-quality features only (low evidence),
A0A0H2Z8R8,PA14_40750,Virulence,0.8266688580089394,logreg-fallback,no homologs found: physicochemical/structure-quality features only (low evidence),
A0A0H2Z8R9,PA14_46000,Non-virulence,0.8661700803708681,knn,no homologs found: physicochemical/structure-quality features only (low evidence),
A0A0H2Z8U6,PA14_44230,Virulence,0.6840307645628291,logreg-fallback,no homologs found: physicochemical/structure-quality features only (low evidence),
A0A0H2Z8W7,PA14_46390,Virulence,0.8065935531578788,logreg-fallback,no homologs found: physicochemical/structure-quality features only (low evidence),
A0A0H2Z9U6,PA14_40520,Non-virulence,0.722679276510911,knn,no homologs found: physicochemical/structure-quality features only (low evidence),
A0A0H2ZA74,PA14_40100,Non-virulence,0.5685849995919875,logreg-fallback,no homologs found: physicochemical/structure-quality features only (low evidence),
A0A0H2ZAC3,PA14_37670,Non-virulence,0.6106089514483234,logreg-fallback,no homologs found: physicochemical/structure-quality features only (low evidence),
A0A0H2ZAF1,PA14_38920,Virulence,0.7256638576893794,knn,no homologs found: physicochemical/structure-quality features only (low evidence),
A0A0H2ZAY7,PA14_35710,Non-virulence,0.7306120818358677,knn,no homologs found: physicochemical/structure-quality features only (low evidence),
A0A0H2ZBB5,PA14_28220,Non-virulence,0.8271475214653409,knn,no homologs found: physicochemical/structure-quality features only (low evidence),
A0A0H2ZBC7,PA14_34170,Virulence,0.666075527602638,knn,no homologs found: physicochemical/structure-quality features only (low evidence),
A0A0H2ZBD1,PA14_33880,Non-virulence,0.8648947532506609,knn,no homologs found: physicochemical/structure-quality features only (low evidence),
A0A0H2ZBE1,PA14_33970,Non-virulence,0.7313940319111034,knn,no homologs found: physicochemical/structure-quality features only (low evidence),
A0A0H2ZBN5,PA14_32490,Virulence,0.8465663744235432,knn,no homologs found: physicochemical/structure-quality features only (low evidence),
A0A0H2ZC27,PA14_30890,Non-virulence,0.7587508344538689,logreg-fallback,no homologs found: physicochemical/structure-quality features only (low evidence),
A0A0H2ZCF8,PA14_28880,Non-virulence,0.6912423374809559,knn,no homologs found: physicochemical/structure-quality features only (low evidence),
A0A0H2ZCI8,PA14_22090,Non-virulence,0.8528277052519566,knn,no homologs found: physicochemical/structure-quality features only (low evidence),
A0A0H2ZCK0,PA14_28360,Virulence,0.698083185025063,knn,no homologs found: physicochemical/structure-quality features only (low evidence),
A0A0H2ZCL5,PA14_28440,Non-virulence,0.7168723060696245,knn,no homologs found: physicochemical/structure-quality features only (low evidence),
A0A0H2ZCL6,PA14_28240,Virulence,0.6514745604699481,knn,no homologs found: physicochemical/structure-quality features only (low evidence),
A0A0H2ZCN6,PA14_28230,Non-virulence,0.6669230662387036,knn,no homologs found: physicochemical/structure-quality features only (low evidence),
A0A0H2ZCV6,PA14_26920,Non-virulence,0.6650092718163737,knn,no homologs found: physicochemical/structure-quality features only (low evidence),
A0A0H2ZD31,PA14_26060,Non-virulence,0.8500429650189264,knn,no homologs found: physicochemical/structure-quality features only (low evidence),
A0A0H2ZDP0,PA14_21450,Non-virulence,0.8776373607350738,knn,5 sequence / 0 structure neighbors,"Q9KN42 (Non-virulence, 45% id); A0A0H3AIG7 (Virulence, 38% id); Q9KS45 (Virulence, 44% id)"
A0A0H2ZDQ6,PA14_22240,Non-virulence,0.73238543555447,knn,no homologs found: physicochemical/structure-quality features only (low evidence),
A0A0H2ZDY8,PA14_15490,Virulence,0.9374589886313798,logreg-fallback,no homologs found: physicochemical/structure-quality features only (low evidence),
A0A0H2ZE23,PA14_15000,Non-virulence,0.5361923055905022,logreg-fallback,no homologs found: physicochemical/structure-quality features only (low evidence),
A0A0H2ZEH6,PA14_12620,Non-virulence,1.0,knn,no homologs found: physicochemical/structure-quality features only (low evidence),
A0A0H2ZEM4,PA14_18040,Non-virulence,0.6723257622295097,knn,no homologs found: physicochemical/structure-quality features only (low evidence),
A0A0H2ZF36,PA14_15560,Non-virulence,0.7071831054365794,knn,no homologs found: physicochemical/structure-quality features only (low evidence),
A0A0H2ZF89,PA14_15370,Virulence,0.6274645988520292,logreg-fallback,no homologs found: physicochemical/structure-quality features only (low evidence),
A0A0H2ZFA9,PA14_14400,Virulence,0.8610104669068793,knn,no homologs found: physicochemical/structure-quality features only (low evidence),
A0A0H2ZFH6,PA14_56750,Non-virulence,1.0,knn,no homologs found: physicochemical/structure-quality features only (low evidence),
A0A0H2ZFV7,PA14_10380,Virulence,0.554928142941645,logreg-fallback,no homologs found: physicochemical/structure-quality features only (low evidence),
A0A0H2ZG28,PA14_10410,Non-virulence,0.8717606137180105,knn,no homologs found: physicochemical/structure-quality features only (low evidence),
A0A0H2ZG82,PA14_60010,Non-virulence,0.8656856801029622,knn,no homologs found: physicochemical/structure-quality features only (low evidence),
A0A0H2ZGB0,PA14_60540,Non-virulence,0.6142131549264847,logreg-fallback,no homologs found: physicochemical/structure-quality features only (low evidence),
A0A0H2ZH11,PA14_58980,Non-virulence,0.8654036855428406,knn,no homologs found: physicochemical/structure-quality features only (low evidence),
A0A0H2ZH39,PA14_64400,Non-virulence,0.7310582524566345,knn,no homologs found: physicochemical/structure-quality features only (low evidence),
A0A0H2ZH43,PA14_59370,Non-virulence,0.5799229266141213,logreg-fallback,no homologs found: physicochemical/structure-quality features only (low evidence),
A0A0H2ZH55,PA14_59520,Non-virulence,0.8582411315516477,knn,no homologs found: physicochemical/structure-quality features only (low evidence),
A0A0H2ZHB6,PA14_60090,Virulence,0.6022764330054162,logreg-fallback,no homologs found: physicochemical/structure-quality features only (low evidence),
A0A0H2ZHC8,PA14_61370,Non-virulence,0.7223750090652805,knn,no homologs found: physicochemical/structure-quality features only (low evidence),
A0A0H2ZHE8,PA14_59600,Virulence,0.6952156935002785,knn,no homologs found: physicochemical/structure-quality features only (low evidence),
A0A0H2ZHP0,PA14_61960,Non-virulence,1.0,knn,no homologs found: physicochemical/structure-quality features only (low evidence),
A0A0H2ZHP3,PA14_60900,Non-virulence,0.8790328155636155,knn,no homologs found: physicochemical/structure-quality features only (low evidence),
A0A0H2ZHU4,PA14_63820,Virulence,0.765857901004235,logreg-fallback,no homologs found: physicochemical/structure-quality features only (low evidence),
A0A0H2ZII5,PA14_67230,Non-virulence,0.8473362446586604,knn,5 sequence / 0 structure neighbors,"Q9KN42 (Non-virulence, 47% id); A0A0H3AIG7 (Virulence, 39% id); Q9KS45 (Virulence, 44% id)"
A0A0H2ZIR9,PA14_68840,Virulence,0.6765318284889527,logreg-fallback,no homologs found: physicochemical/structure-quality features only (low evidence),
A0A0H2ZJH3,PA14_72820,Non-virulence,0.5508285586497652,logreg-fallback,no homologs found: physicochemical/structure-quality features only (low evidence),
A0A0H2ZJJ7,PA14_72350,Virulence,0.8367908885152804,logreg-fallback,no homologs found: physicochemical/structure-quality features only (low evidence),
A0A0H2ZJK5,PA14_73390,Non-virulence,0.8743147857916583,knn,no homologs found: physicochemical/structure-quality features only (low evidence),
A0A0H2ZJN0,PA14_00520,Virulence,0.5492332580535016,logreg-fallback,no homologs found: physicochemical/structure-quality features only (low evidence),
A0A0H2ZKK0,PA14_03340,Non-virulence,0.8679873443713146,knn,no homologs found: physicochemical/structure-quality features only (low evidence),
A0A0H2ZKL1,PA14_07980,Non-virulence,0.8401789355453871,knn,no homologs found: physicochemical/structure-quality features only (low evidence),
A0A0H2ZL11,PA14_05020,Non-virulence,0.7221300627105306,knn,no homologs found: physicochemical/structure-quality features only (low evidence),
A0A0H2ZL41,PA14_05775,Virulence,0.7236508529779261,knn,no homologs found: physicochemical/structure-quality features only (low evidence),
A0A0H2ZL62,PA14_26165,Non-virulence,1.0,knn,no homologs found: physicochemical/structure-quality features only (low evidence),
A0A0H2ZLE6,PA14_08180,Non-virulence,0.6508474499827904,logreg-fallback,no homologs found: physicochemical/structure-quality features only (low evidence),
A0A0H2ZLH5,PA14_06390,Non-virulence,0.8679252594408381,knn,no homologs found: physicochemical/structure-quality features only (low evidence),
A0A0H2ZLS8,PA14_08490,Non-virulence,0.8652785126505674,knn,no homologs found: physicochemical/structure-quality features only (low evidence),
A0A0H2ZLW4,PA14_03166,Non-virulence,0.5798811056093325,logreg-fallback,no homologs found: physicochemical/structure-quality features only (low evidence),
A0A0H2ZM08,PA14_27675,Non-virulence,0.8716231857624124,knn,no homologs found: physicochemical/structure-quality features only (low evidence),
A0A0H2Z6S3,PA14_53620,Non-virulence,0.6599795642002644,logreg-fallback,no homologs found: physicochemical/structure-quality features only (low evidence),
A0A0H2Z718,PA14_52730,Non-virulence,0.7556389182597926,knn,no homologs found: physicochemical/structure-quality features only (low evidence),
A0A0H2Z751,PA14_55260,Non-virulence,0.7194000792186157,knn,no homologs found: physicochemical/structure-quality features only (low evidence),
A0A0H2Z781,PA14_51610,Non-virulence,0.6346872369505863,logreg-fallback,no homologs found: physicochemical/structure-quality features only (low evidence),
A0A0H2Z7C7,PA14_52520,Non-virulence,0.8579357623315541,knn,no homologs found: physicochemical/structure-quality features only (low evidence),
A0A0H2Z7Z0,PA14_50930,Non-virulence,0.7092015954198126,knn,no homologs found: physicochemical/structure-quality features only (low evidence),
A0A0H2Z7Z4,PA14_49400,Non-virulence,0.8780249761291551,knn,no homologs found: physicochemical/structure-quality features only (low evidence),
A0A0H2Z8J5,PA14_47530,Non-virulence,0.7466197793594511,knn,no homologs found: physicochemical/structure-quality features only (low evidence),
A0A0H2Z980,PA14_38180,Non-virulence,0.75210346668632,knn,no homologs found: physicochemical/structure-quality features only (low evidence),
A0A0H2Z9C2,PA14_41990,Non-virulence,0.7246148617998917,knn,no homologs found: physicochemical/structure-quality features only (low evidence),
A0A0H2Z9E5,PA14_44100,Non-virulence,0.8475262020159163,knn,no homologs found: physicochemical/structure-quality features only (low evidence),
A0A0H2Z9J1,PA14_43080,Non-virulence,0.8603733118247888,knn,5 sequence / 0 structure neighbors,"Q9KN42 (Non-virulence, 46% id); A0A0H3AIG7 (Virulence, 39% id); Q9KS45 (Virulence, 44% id)"
A0A0H2Z9S3,PA14_35730,Non-virulence,0.7021713644155356,knn,no homologs found: physicochemical/structure-quality features only (low evidence),
A0A0H2Z9Y6,PA14_40020,Non-virulence,0.7412776678927034,knn,no homologs found: physicochemical/structure-quality features only (low evidence),
A0A0H2ZA02,PA14_39790,Virulence,0.5221811728294222,logreg-fallback,no homologs found: physicochemical/structure-quality features only (low evidence),
A0A0H2ZAA3,PA14_33230,Virulence,0.6203327592902238,logreg-fallback,no homologs found: physicochemical/structure-quality features only (low evidence),
A0A0H2ZAB1,PA14_39090,Non-virulence,0.5314336219022358,logreg-fallback,no homologs found: physicochemical/structure-quality features only (low evidence),
A0A0H2ZAC9,PA14_38000,Non-virulence,0.6101296481652572,logreg-fallback,no homologs found: physicochemical/structure-quality features only (low evidence),
A0A0H2ZAG8,PA14_38050,Virulence,0.5027018264244282,logreg-fallback,no homologs found: physicochemical/structure-quality features only (low evidence),
A0A0H2ZAM7,PA14_31170,Non-virulence,0.7343707844270486,knn,no homologs found: physicochemical/structure-quality features only (low evidence),
A0A0H2ZAY5,PA14_35930,Non-virulence,0.864437091942701,knn,no homologs found: physicochemical/structure-quality features only (low evidence),
A0A0H2ZB45,PA14_35000,Non-virulence,0.8727119377758353,knn,no homologs found: physicochemical/structure-quality features only (low evidence),
A0A0H2ZB66,PA14_34740,Non-virulence,1.0,knn,no homologs found: physicochemical/structure-quality features only (low evidence),
A0A0H2ZBF2,PA14_27720,Non-virulence,0.7009128650440853,knn,no homologs found: physicochemical/structure-quality features only (low evidence),
A0A0H2ZBF8,PA14_27660,Non-virulence,0.7294719974073077,knn,no homologs found: physicochemical/structure-quality features only (low evidence),
A0A0H2ZBR3,PA14_32310,Non-virulence,0.6102621746400246,logreg-fallback,no homologs found: physicochemical/structure-quality features only (low evidence),
A0A0H2ZBW8,PA14_31310,Non-virulence,0.8010898526930937,knn,no homologs found: physicochemical/structure-quality features only (low evidence),
A0A0H2ZBX3,PA14_31420,Non-virulence,1.0,knn,no homologs found: physicochemical/structure-quality features only (low evidence),
A0A0H2ZCD0,PA14_29330,Non-virulence,0.7107267590130862,knn,no homologs found: physicochemical/structure-quality features only (low evidence),
A0A0H2ZCH8,PA14_22220,Virulence,0.6122088943932515,knn,no homologs found: physicochemical/structure-quality features only (low evidence),
A0A0H2ZCL1,PA14_28300,Non-virulence,0.8779889935886663,knn,no homologs found: physicochemical/structure-quality features only (low evidence),
A0A0H2ZCN0,PA14_28030,Non-virulence,0.669838275429133,knn,no homologs found: physicochemical/structure-quality features only (low evidence),
A0A0H2ZCS2,PA14_27490,Non-virulence,0.838946036572483,knn,no homologs found: physicochemical/structure-quality features only (low evidence),
A0A0H2ZD62,PA14_25140,Non-virulence,0.6747898336723179,knn,no homologs found: physicochemical/structure-quality features only (low evidence),
A0A0H2ZDJ5,PA14_22130,Non-virulence,0.8632621593752658,knn,no homologs found: physicochemical/structure-quality features only (low evidence),
A0A0H2ZDU2,PA14_22160,Non-virulence,0.8733408423278042,knn,no homologs found: physicochemical/structure-quality features only (low evidence),
A0A0H2ZEK3,PA14_18100,Non-virulence,0.7063270821503257,knn,no homologs found: physicochemical/structure-quality features only (low evidence),
A0A0H2ZER6,PA14_16290,Non-virulence,0.7113108696881203,knn,no homologs found: physicochemical/structure-quality features only (low evidence),
A0A0H2ZEW1,PA14_10400,Virulence,1.0,knn,no homologs found: physicochemical/structure-quality features only (low evidence),
A0A0H2ZF04,PA14_14550,Virulence,0.6377770381108475,logreg-fallback,no homologs found: physicochemical/structure-quality features only (low evidence),
A0A0H2ZFE0,PA14_13960,Virulence,0.9073629840833176,logreg-fallback,no homologs found: physicochemical/structure-quality features only (low evidence),
A0A0H2ZFF0,PA14_14430,Non-virulence,0.6831367646749903,knn,no homologs found: physicochemical/structure-quality features only (low evidence),
A0A0H2ZFM8,PA14_11330,Non-virulence,0.8780569042284821,knn,no homologs found: physicochemical/structure-quality features only (low evidence),
A0A0H2ZFY8,PA14_58940,Virulence,0.5312102778902938,logreg-fallback,no homologs found: physicochemical/structure-quality features only (low evidence),
A0A0H2ZGQ9,PA14_58740,Non-virulence,0.8664837755473983,knn,no homologs found: physicochemical/structure-quality features only (low evidence),
A0A0H2ZGR4,PA14_58800,Non-virulence,0.8486001904444871,knn,no homologs found: physicochemical/structure-quality features only (low evidence),
A0A0H2ZGS9,PA14_62520,Non-virulence,0.6615921251168195,knn,no homologs found: physicochemical/structure-quality features only (low evidence),
A0A0H2ZH00,PA14_58920,Virulence,0.7511890845967474,knn,no homologs found: physicochemical/structure-quality features only (low evidence),
A0A0H2ZH50,PA14_59470,Non-virulence,0.8593793168964764,knn,no homologs found: physicochemical/structure-quality features only (low evidence),
A0A0H2ZHE4,PA14_59550,Non-virulence,0.8626929641219268,knn,no homologs found: physicochemical/structure-quality features only (low evidence),
A0A0H2ZHR7,PA14_61950,Non-virulence,0.7217564395441276,knn,no homologs found: physicochemical/structure-quality features only (low evidence),
A0A0H2ZHS6,PA14_62670,Non-virulence,0.5226468442723216,logreg-fallback,no homologs found: physicochemical/structure-quality features only (low evidence),
A0A0H2ZIP6,PA14_68460,Virulence,1.0,knn,no homologs found: physicochemical/structure-quality features only (low evidence),
A0A0H2ZJL3,PA14_71430,Non-virulence,0.8531388849832866,knn,no homologs found: physicochemical/structure-quality features only (low evidence),
A0A0H2ZK27,PA14_01160,Non-virulence,0.6425689317215866,logreg-fallback,5 sequence / 0 structure neighbors,"Q9I0F3 (Non-virulence, 89% id); A0A0H3AIG7 (Virulence, 36% id); Q9KS45 (Virulence, 36% id)"
A0A0H2ZK82,PA14_03420,Virulence,0.7002615602362552,knn,no homologs found: physicochemical/structure-quality features only (low evidence),
A0A0H2ZKA2,PA14_06090,Non-virulence,0.8785448922293054,knn,no homologs found: physicochemical/structure-quality features only (low evidence),
A0A0H2ZKB8,PA14_06280,Non-virulence,0.8681296300049572,knn,no homologs found: physicochemical/structure-quality features only (low evidence),
A0A0H2ZKH6,PA14_02010,Virulence,0.8770142947781664,logreg-fallback,no homologs found: physicochemical/structure-quality features only (low evidence),
A0A0H2ZKP9,PA14_03380,Non-virulence,0.6774881800233035,knn,no homologs found: physicochemical/structure-quality features only (low evidence),
A0A0H2ZKU1,PA14_03110,Non-virulence,0.5007177981654678,logreg-fallback,no homologs found: physicochemical/structure-quality features only (low evidence),
A0A0H2ZL14,PA14_08200,Non-virulence,0.5067693104871454,logreg-fallback,no homologs found: physicochemical/structure-quality features only (low evidence),
A0A0H2ZL60,PA14_06900,Non-virulence,1.0,knn,no homologs found: physicochemical/structure-quality features only (low evidence),
A0A0H2ZLQ7,PA14_07400,Non-virulence,0.8696586044767864,knn,no homologs found: physicochemical/structure-quality features only (low evidence),
A0A0H2Z5V4,PA14_54850,Virulence,0.5048143723700138,logreg-fallback,no homologs found: physicochemical/structure-quality features only (low evidence),
A0A0H2Z6V4,PA14_54720,Non-virulence,0.7450268282731981,knn,no homologs found: physicochemical/structure-quality features only (low evidence),
A0A0H2Z6Y3,PA14_53580,Virulence,0.7452628587437456,knn,no homologs found: physicochemical/structure-quality features only (low evidence),
A0A0H2Z7C4,PA14_52480,Non-virulence,0.700073910284914,knn,no homologs found: physicochemical/structure-quality features only (low evidence),
A0A0H2Z7D8,PA14_47030,Non-virulence,0.8726082851384693,knn,no homologs found: physicochemical/structure-quality features only (low evidence),
A0A0H2Z7E0,PA14_52280,Non-virulence,0.8673003325783856,knn,no homologs found: physicochemical/structure-quality features only (low evidence),
A0A0H2Z7G2,PA14_51940,Non-virulence,0.7155732889135672,knn,no homologs found: physicochemical/structure-quality features only (low evidence),
A0A0H2Z892,PA14_49740,Virulence,0.7173745321616052,knn,no homologs found: physicochemical/structure-quality features only (low evidence),
A0A0H2Z8W1,PA14_40080,Non-virulence,1.0,knn,no homologs found: physicochemical/structure-quality features only (low evidence),
A0A0H2Z8X6,PA14_46280,Non-virulence,0.7365118878964662,knn,no homologs found: physicochemical/structure-quality features only (low evidence),
A0A0H2Z8Y9,PA14_39670,Virulence,0.6622332587812831,logreg-fallback,no homologs found: physicochemical/structure-quality features only (low evidence),
A0A0H2Z981,PA14_44650,Non-virulence,0.7241968997336146,knn,no homologs found: physicochemical/structure-quality features only (low evidence),
A0A0H2Z9C0,PA14_44480,Non-virulence,0.6656377154297726,logreg-fallback,no homologs found: physicochemical/structure-quality features only (low evidence),
A0A0H2Z9D7,PA14_42780,Non-virulence,1.0,knn,no homologs found: physicochemical/structure-quality features only (low evidence),
A0A0H2Z9R9,PA14_42000,Non-virulence,0.662673345701886,knn,no homologs found: physicochemical/structure-quality features only (low evidence),
A0A0H2ZA49,PA14_40010,Non-virulence,0.8786763207698344,knn,no homologs found: physicochemical/structure-quality features only (low evidence),
A0A0H2ZAI7,PA14_37680,Non-virulence,0.8729307402528739,knn,no homologs found: physicochemical/structure-quality features only (low evidence),
A0A0H2ZAP1,PA14_37520,Non-virulence,0.7275694716285155,knn,no homologs found: physicochemical/structure-quality features only (low evidence),
A0A0H2ZB06,PA14_35850,Non-virulence,0.6951994178990003,knn,no homologs found: physicochemical/structure-quality features only (low evidence),
A0A0H2ZB27,pslO PA14_35550,Non-virulence,1.0,knn,no homologs found: physicochemical/structure-quality features only (low evidence),
A0A0H2ZB90,PA14_34720,Non-virulence,0.7001875241008582,logreg-fallback,no homologs found: physicochemical/structure-quality features only (low evidence),
A0A0H2ZBA6,PA14_28330,Non-virulence,0.7318198295294193,knn,no homologs found: physicochemical/structure-quality features only (low evidence),
A0A0H2ZBE5,PA14_33980,Non-virulence,0.6029853431128085,knn,no homologs found: physicochemical/structure-quality features only (low evidence),
A0A0H2ZBJ3,PA14_33050,Virulence,0.6663363759684566,logreg-fallback,no homologs found: physicochemical/structure-quality features only (low evidence),
A0A0H2ZBM2,PA14_32810,Virulence,0.7164250219190065,knn,no homologs found: physicochemical/structure-quality features only (low evidence),
A0A0H2ZBR2,PA14_26080,Non-virulence,1.0,knn,no homologs found: physicochemical/structure-quality features only (low evidence),
A0A0H2ZBW6,PA14_25030,Non-virulence,0.7429480824958323,knn,no homologs found: physicochemical/structure-quality features only (low evidence),
A0A0H2ZBZ2,PA14_31250,Non-virulence,0.7237677725460746,knn,no homologs found: physicochemical/structure-quality features only (low evidence),
A0A0H2ZC50,PA14_29190,Non-virulence,0.8732093529391954,knn,no homologs found: physicochemical/structure-quality features only (low evidence),
A0A0H2ZCB2,PA14_29570,Non-virulence,0.7251256911700944,knn,no homologs found: physicochemical/structure-quality features only (low evidence),
A0A0H2ZCC1,PA14_28210,Virulence,1.0,reference-match,1 sequence / 0 structure neighbors,"Q9I069 (Virulence, 100% id)"
A0A0H2ZCC7,PA14_22870,Non-virulence,0.8534920454928211,knn,no homologs found: physicochemical/structure-quality features only (low evidence),
A0A0H2ZCD8,PA14_29390,Non-virulence,1.0,reference-match,5 sequence / 0 structure neighbors,"Q9I0F3 (Non-virulence, 100% id); Q9KN42 (Non-virulence, 35% id); A0A0H3AIG7 (Virulence, 34% id)"
A0A0H2ZD67,PA14_25050,Non-virulence,0.8566591912143096,knn,no homologs found: physicochemical/structure-quality features only (low evidence),
A0A0H2ZDD1,PA14_24590,Non-virulence,0.8388621880458755,knn,no homologs found: physicochemical/structure-quality features only (low evidence),
A0A0H2ZDW1,PA14_22250,Non-virulence,0.6026390349231728,logreg-fallback,no homologs found: physicochemical/structure-quality features only (low evidence),
A0A0H2ZE44,PA14_20470,Non-virulence,0.8533655531836948,knn,no homologs found: physicochemical/structure-quality features only (low evidence),
A0A0H2ZE68,PA14_20460,Non-virulence,0.6886672868092156,knn,no homologs found: physicochemical/structure-quality features only (low evidence),
A0A0H2ZF50,PA14_13860,Virulence,0.8571874663122001,knn,no homologs found: physicochemical/structure-quality features only (low evidence),
A0A0H2ZFE5,PA14_13880,Non-virulence,0.7163193223004053,logreg-fallback,no homologs found: physicochemical/structure-quality features only (low evidence),
A0A0H2ZFI4,PA14_13920,Non-virulence,1.0,knn,no homologs found: physicochemical/structure-quality features only (low evidence),
A0A0H2ZFS9,PA14_12590,Virulence,0.5427903424433291,logreg-fallback,no homologs found: physicochemical/structure-quality features only (low evidence),
A0A0H2ZG85,PA14_60060,Non-virulence,1.0,knn,no homologs found: physicochemical/structure-quality features only (low evidence),
A0A0H2ZGX4,PA14_59410,Non-virulence,1.0,knn,no homologs found: physicochemical/structure-quality features only (low evidence),
A0A0H2ZH62,PA14_60480,Non-virulence,0.6089610781889672,logreg-fallback,no homologs found: physicochemical/structure-quality features only (low evidence),
A0A0H2ZH89,PA14_59840,Virulence,0.7187880090382062,knn,no homologs found: physicochemical/structure-quality features only (low evidence),
A0A0H2ZHD4,PA14_59430,Non-virulence,1.0,knn,no homologs found: physicochemical/structure-quality features only (low evidence),
